{
  "control": "anchor_only",
  "definition": "sampled patient baseline + generated warm-start anchor + constant anchor-mean latent; no LLM calls and no action/context semantics",
  "config": "paper",
  "budget": 8000,
  "seeds": [
    0,
    1,
    2
  ],
  "corpus_patients": 400,
  "online_steps": {
    "0": 8000,
    "1": 8000,
    "2": 8000
  },
  "online_qtables": [
    [
      [
        [
          0.70015,
          0.6977,
          0.6877,
          0.7293
        ],
        [
          0.66718,
          0.7855,
          0.71658,
          0.73817
        ],
        [
          0.72659,
          0.77309,
          0.72522,
          0.80814
        ],
        [
          0.71285,
          0.77996,
          0.70343,
          0.92864
        ]
      ],
      [
        [
          0.69177,
          0.7242,
          0.70539,
          0.7537
        ],
        [
          0.78023,
          0.79574,
          0.78278,
          0.75174
        ],
        [
          0.69169,
          0.83435,
          0.8297,
          0.69481
        ],
        [
          0.71601,
          0.71331,
          0.85595,
          0.64097
        ]
      ]
    ],
    [
      [
        [
          0.56121,
          0.59467,
          0.60173,
          0.64997
        ],
        [
          0.58327,
          0.6148,
          0.59697,
          0.63051
        ],
        [
          0.62147,
          0.60007,
          0.66092,
          0.65489
        ],
        [
          0.6495,
          0.68407,
          0.77565,
          0.66858
        ]
      ],
      [
        [
          0.58291,
          0.60833,
          0.62673,
          0.6011
        ],
        [
          0.56131,
          0.63394,
          0.64504,
          0.63239
        ],
        [
          0.59574,
          0.65782,
          0.74189,
          0.73502
        ],
        [
          0.54459,
          0.71142,
          0.70577,
          0.76079
        ]
      ]
    ],
    [
      [
        [
          0.92989,
          0.90149,
          0.85922,
          0.94312
        ],
        [
          0.84538,
          0.89573,
          0.81618,
          0.90456
        ],
        [
          0.87749,
          0.93291,
          0.9117,
          0.90586
        ],
        [
          0.90783,
          0.8675,
          0.83272,
          0.75811
        ]
      ],
      [
        [
          0.89295,
          0.90345,
          0.84482,
          0.8786
        ],
        [
          0.93208,
          0.87828,
          0.90528,
          0.90924
        ],
        [
          0.95365,
          0.81548,
          1.01485,
          1.00642
        ],
        [
          0.86516,
          0.80043,
          0.78981,
          0.84474
        ]
      ]
    ]
  ],
  "rows": {
    "floor": 22,
    "random": 575,
    "heuristic": 781,
    "anchor_offline_q": [
      547,
      232
    ],
    "anchor_online_q": [
      322,
      44
    ],
    "anchor_online_fraction_of_heuristic": 0.4129032736020692
  }
}