{"per_seed": [{"seed": 0, "final_Q": [[[2.4724, 2.38262, 2.51939, 2.15773], [2.40779, 2.13326, 2.36606, 2.34651], [2.32825, 2.25711, 2.38199, 1.84231], [1.95079, 1.87556, 2.23087, 1.79329]], [[2.03386, 2.41445, 2.22541, 2.37838], [2.42236, 1.47918, 1.93388, 2.34894], [2.30134, 2.21626, 1.21124, 2.3484], [2.40724, 2.3138, 1.95898, 2.32747]]]}, {"seed": 1, "final_Q": [[[2.26754, 2.35296, 2.62091, 2.14635], [2.49809, 2.21757, 2.32184, 1.35123], [2.47868, 1.97918, 2.05246, 1.54316], [1.7979, 2.34823, 2.06189, 1.88734]], [[2.52209, 2.12022, 1.98764, 2.12518], [2.39797, 2.28432, 2.04538, 2.47983], [2.46394, 1.47096, 1.73602, 1.93088], [2.1879, 2.06472, 1.42596, 2.14707]]]}, {"seed": 2, "final_Q": [[[2.26725, 1.91091, 2.47914, 2.23694], [2.11113, 1.82915, 2.18898, 1.61651], [2.18156, 1.63666, 2.08242, 1.72178], [1.89277, 1.63122, 1.81339, 1.87251]], [[2.35719, 1.98609, 1.9237, 1.91299], [2.25969, 2.14199, 2.01655, 2.34231], [2.05722, 1.94976, 1.90936, 1.88485], [2.47967, 1.83357, 1.7767, 2.34036]]]}]}